{
  "dataset": "hydraulic",
  "eval": "f7318a3b-91ea-4456-a086-4d43bd449468",
  "n_runs_with_preds": 5,
  "n_failed": 0,
  "n_nondegenerate": 5,
  "band": [
    0.990990990990991,
    0.993993993993994
  ],
  "width": 0.0030030030030030463,
  "mid": 0.9924924924924925,
  "scores_sorted": [
    0.991,
    0.991,
    0.991,
    0.991,
    0.994
  ],
  "n_test": 497,
  "n_classes": 3,
  "rarest_class": 0,
  "rarest_count": 111,
  "per_class_counts": {
    "0": 111,
    "1": 275,
    "2": 111
  },
  "sigma_abs": 0.0050952363691029075,
  "op": 0.990990990990991,
  "lsd": 0.014411504753363955,
  "band_supports": null,
  "n_observed": 1,
  "ceiling": true,
  "gap": {
    "gap": 0.003,
    "sigma_gap": 0.0029,
    "ratio": 1.0238,
    "p_le0": 0.392
  },
  "verdict": "CEILING (Method B invalid) -> gap test: REJECT"
}