{
  "dataset": "derma",
  "eval": "0dd9f969-ebd5-44ef-b891-aeeccfcd6502",
  "n_runs_with_preds": 5,
  "n_failed": 0,
  "n_nondegenerate": 5,
  "band": [
    0.9307359307359307,
    0.9458874458874459
  ],
  "width": 0.015151515151515138,
  "mid": 0.9383116883116883,
  "scores_sorted": [
    0.9307,
    0.9426,
    0.9426,
    0.9426,
    0.9459
  ],
  "n_test": 83,
  "n_classes": 6,
  "rarest_class": 3,
  "rarest_count": 4,
  "per_class_counts": {
    "0": 16,
    "1": 11,
    "2": 12,
    "3": 4,
    "4": 26,
    "5": 14
  },
  "sigma_abs": 0.02570576055876802,
  "op": 0.9426406926406927,
  "lsd": 0.07270687042665025,
  "band_supports": 1.2083917938236748,
  "n_observed": 1,
  "ceiling": false,
  "gap": {
    "gap": 0.0152,
    "sigma_gap": 0.0227,
    "ratio": 0.6688,
    "p_le0": 0.278
  },
  "verdict": "REJECT"
}