{
  "dataset": "diabetes",
  "eval": "9f3883e9-5b3a-4e42-94a7-f170450101dd",
  "n_runs_with_preds": 4,
  "n_failed": 1,
  "n_nondegenerate": 4,
  "band": [
    0.6138956710317378,
    0.6202307264013822
  ],
  "width": 0.0063350553696444045,
  "mid": 0.61706319871656,
  "scores_sorted": [
    0.6139,
    0.6143,
    0.6165,
    0.6202
  ],
  "n_test": 12000,
  "n_classes": 2,
  "rarest_class": 0,
  "rarest_count": 1367,
  "per_class_counts": {
    "0": 1367,
    "1": 10633
  },
  "sigma_abs": 0.006961464101684715,
  "op": 0.6165289824208096,
  "lsd": 0.019689993893151916,
  "band_supports": 1.321739834152397,
  "n_observed": 1,
  "ceiling": false,
  "gap": {
    "gap": 0.0063,
    "sigma_gap": 0.0042,
    "ratio": 1.5259,
    "p_le0": 0.055
  },
  "verdict": "REJECT"
}