{
  "dataset": "thyroid-dropTSH",
  "eval": "32c9a8ca-6045-4629-a27c-a01e13f656b7",
  "n_runs_with_preds": 5,
  "n_failed": 0,
  "n_nondegenerate": 5,
  "band": [
    0.7282303813721268,
    0.7479403933542211
  ],
  "width": 0.019710011982094322,
  "mid": 0.738085387363174,
  "scores_sorted": [
    0.7282,
    0.736,
    0.7417,
    0.7454,
    0.7479
  ],
  "n_test": 3428,
  "n_classes": 3,
  "rarest_class": 2,
  "rarest_count": 73,
  "per_class_counts": {
    "0": 3178,
    "1": 177,
    "2": 73
  },
  "sigma_abs": 0.014397241963105297,
  "op": 0.741699274740968,
  "lsd": 0.04072154968998111,
  "band_supports": 1.4840192019250107,
  "n_observed": 1,
  "ceiling": false,
  "gap": {
    "gap": 0.0197,
    "sigma_gap": 0.0148,
    "ratio": 1.3319,
    "p_le0": 0.102
  },
  "verdict": "REJECT"
}