{
  "dataset": "tep",
  "eval": "4d68f219-12f4-4f79-b61c-ee118052f610",
  "n_runs_with_preds": 3,
  "n_failed": 2,
  "n_nondegenerate": 3,
  "band": [
    0.6516008164238253,
    0.824040553022854
  ],
  "width": 0.17243973659902867,
  "mid": 0.7378206847233396,
  "scores_sorted": [
    0.6516,
    0.7962,
    0.824
  ],
  "n_test": 2381,
  "n_classes": 22,
  "rarest_class": 0,
  "rarest_count": 108,
  "per_class_counts": {
    "0": 108,
    "1": 108,
    "2": 108,
    "3": 108,
    "4": 108,
    "5": 108,
    "6": 108,
    "7": 108,
    "8": 108,
    "9": 108,
    "10": 108,
    "11": 113,
    "12": 108,
    "13": 108,
    "14": 108,
    "15": 108,
    "16": 108,
    "17": 108,
    "18": 108,
    "19": 108,
    "20": 108,
    "21": 108
  },
  "sigma_abs": 0.007489617381017532,
  "op": 0.7962069068263758,
  "lsd": 0.02118383695444051,
  "band_supports": 9.140155958049055,
  "n_observed": 3,
  "ceiling": false,
  "gap": {
    "gap": 0.1724,
    "sigma_gap": 0.0086,
    "ratio": 20.12,
    "p_le0": 0.0
  },
  "verdict": "SUBMIT"
}