{
  "task": "budgeted-tep",
  "world": "budgeted",
  "metric": "balanced-acc",
  "budget_label": "15",
  "best_observed": 1.0,
  "verdict_line": "WIDE band, endpoints ~8 LSD apart (synthetic + anonymized Tennessee Eastman Process, 22 faults; accepted for tasks)",
  "submit": "**YES**",
  "primary_eval": "4d68f219-12f4-4f79-b61c-ee118052f610",
  "evals": [
    {
      "eval_id": "4d68f219-12f4-4f79-b61c-ee118052f610",
      "label": "",
      "band": [
        0.6516008164238253,
        0.824040553022854
      ],
      "band_note": "(+2 fail)",
      "spread": 0.17243973659902867,
      "mid": 0.7378206847233396,
      "sigma_abs": 0.007489617381017532,
      "lsd": 0.02118383695444051,
      "band_supports": 9.140155958049055,
      "observed": 3,
      "ceiling": false,
      "gap": {
        "gap": 0.1724,
        "sigma_gap": 0.0086,
        "ratio": 20.12,
        "p_le0": 0.0
      },
      "sigma_source": "stratified block-bootstrap on the median run",
      "n_runs": 3,
      "n_nondegenerate": 3,
      "n_failed": 2,
      "scores_sorted": [
        0.6516,
        0.7962,
        0.824
      ],
      "n_test": 2381,
      "n_classes": 22,
      "per_class_counts": {
        "0": 108,
        "1": 108,
        "2": 108,
        "3": 108,
        "4": 108,
        "5": 108,
        "6": 108,
        "7": 108,
        "8": 108,
        "9": 108,
        "10": 108,
        "11": 113,
        "12": 108,
        "13": 108,
        "14": 108,
        "15": 108,
        "16": 108,
        "17": 108,
        "18": 108,
        "19": 108,
        "20": 108,
        "21": 108
      },
      "rarest_class": 0,
      "rarest_count": 108,
      "per_class_recall": [
        {
          "run": 4,
          "score": 0.6516,
          "recall": {
            "0": 0.685,
            "1": 1.0,
            "2": 0.324,
            "3": 0.602,
            "4": 0.157,
            "5": 0.204,
            "6": 0.611,
            "7": 0.981,
            "8": 0.62,
            "9": 0.954,
            "10": 0.759,
            "11": 0.159,
            "12": 0.907,
            "13": 0.972,
            "14": 0.231,
            "15": 0.741,
            "16": 0.611,
            "17": 0.657,
            "18": 0.991,
            "19": 0.852,
            "20": 0.667,
            "21": 0.648
          }
        },
        {
          "run": 1,
          "score": 0.7962,
          "recall": {
            "0": 0.824,
            "1": 1.0,
            "2": 0.444,
            "3": 0.861,
            "4": 0.806,
            "5": 0.472,
            "6": 0.796,
            "7": 1.0,
            "8": 0.824,
            "9": 0.954,
            "10": 0.843,
            "11": 0.442,
            "12": 0.954,
            "13": 0.944,
            "14": 0.38,
            "15": 1.0,
            "16": 0.806,
            "17": 0.704,
            "18": 0.963,
            "19": 0.907,
            "20": 0.778,
            "21": 0.815
          }
        },
        {
          "run": 5,
          "score": 0.824,
          "recall": {
            "0": 0.806,
            "1": 1.0,
            "2": 0.565,
            "3": 0.898,
            "4": 0.759,
            "5": 0.463,
            "6": 0.935,
            "7": 1.0,
            "8": 0.815,
            "9": 1.0,
            "10": 0.963,
            "11": 0.416,
            "12": 0.954,
            "13": 0.963,
            "14": 0.454,
            "15": 0.963,
            "16": 0.898,
            "17": 0.769,
            "18": 0.991,
            "19": 0.935,
            "20": 0.824,
            "21": 0.759
          }
        }
      ],
      "recall_delta": {
        "0": 0.121,
        "1": 0.0,
        "2": 0.241,
        "3": 0.296,
        "4": 0.602,
        "5": 0.259,
        "6": 0.324,
        "7": 0.019,
        "8": 0.195,
        "9": 0.046,
        "10": 0.204,
        "11": 0.257,
        "12": 0.047,
        "13": -0.009,
        "14": 0.223,
        "15": 0.222,
        "16": 0.287,
        "17": 0.112,
        "18": 0.0,
        "19": 0.083,
        "20": 0.157,
        "21": 0.111
      }
    }
  ],
  "links": {
    "task_url": "https://horizon.bespokelabs.ai/tasks/36abdac8-4edd-4304-a48c-53933cd34f62",
    "evals": [
      {
        "label": "",
        "url": "https://horizon.bespokelabs.ai/evaluations/4d68f219-12f4-4f79-b61c-ee118052f610"
      }
    ],
    "record": "tasks/budgeted-tep.md",
    "analysis": "../analysis/budgeted-tep/STRATEGY.md",
    "source_json": "../analysis/budgeted-tep/band_supports.json"
  },
  "narrative": {}
}