{
  "dataset": "label-budget-covtype",
  "eval": "03bdb135-2c06-4dd3-bd13-b3c813daee88",
  "n_runs_with_preds": 5,
  "n_failed": 0,
  "n_nondegenerate": 5,
  "band": [
    0.5495924883667551,
    0.6358276236049
  ],
  "width": 0.08623513523814486,
  "mid": 0.5927100559858276,
  "scores_sorted": [
    0.5496,
    0.6232,
    0.625,
    0.6312,
    0.6358
  ],
  "n_test": 56250,
  "n_classes": 7,
  "rarest_class": 0,
  "rarest_count": 266,
  "per_class_counts": {
    "0": 266,
    "1": 1986,
    "2": 20509,
    "3": 27428,
    "4": 1681,
    "5": 3461,
    "6": 919
  },
  "sigma_abs": 0.0052416462108897666,
  "op": 0.624958175282323,
  "lsd": 0.014825614321203707,
  "band_supports": 6.816631498015614,
  "n_observed": 2,
  "ceiling": false,
  "gap": {
    "gap": 0.0862,
    "sigma_gap": 0.006,
    "ratio": 14.4667,
    "p_le0": 0.0
  },
  "verdict": "SUBMIT"
}