{
  "dataset": "covtype",
  "eval": "babd012a-4ae2-4349-99cb-a030db3f4491",
  "n_runs_with_preds": 5,
  "n_failed": 0,
  "n_nondegenerate": 5,
  "band": [
    0.6753848907984247,
    0.8475832438238454
  ],
  "width": 0.17219835302542075,
  "mid": 0.761484067311135,
  "scores_sorted": [
    0.6754,
    0.6861,
    0.7386,
    0.8356,
    0.8476
  ],
  "n_test": 2066,
  "n_classes": 7,
  "rarest_class": 0,
  "rarest_count": 266,
  "per_class_counts": {
    "0": 266,
    "1": 300,
    "2": 300,
    "3": 300,
    "4": 300,
    "5": 300,
    "6": 300
  },
  "sigma_abs": 0.008618975054178793,
  "op": 0.738578589330469,
  "lsd": 0.024378142830750064,
  "band_supports": 8.063637054756011,
  "n_observed": 3,
  "ceiling": false,
  "gap": {
    "gap": 0.1722,
    "sigma_gap": 0.011,
    "ratio": 15.6418,
    "p_le0": 0.0
  },
  "verdict": "SUBMIT"
}